decile,n,n_events,event_rate,mean_predicted,lift,cumulative_recall
1,8434,953.0,0.11299502015650936,0.10987847898794043,5.540631979639444,0.5540697674418604
2,8434,267.0,0.03165757647616789,0.023984192240784734,1.5523071758276301,0.7093023255813954
3,8434,164.0,0.019445103153900876,0.011106041296305689,0.9534770668004919,0.8046511627906977
4,8434,103.0,0.012212473322267015,0.006238145153604585,0.5988301090271383,0.8645348837209302
5,8434,89.0,0.010552525492055964,0.00375437213138904,0.5174357252758768,0.9162790697674419
6,8433,42.0,0.004980434009249377,0.002356881346739848,0.24421210692214143,0.9406976744186046
7,8434,40.0,0.0047427080863172875,0.001537364313538717,0.2325553821464615,0.963953488372093
8,8434,28.0,0.003319895660422101,0.0010225585507985815,0.16278876750252302,0.9802325581395349
9,8434,17.0,0.002015650936684847,0.0006600995265857649,0.09883603741224613,0.9901162790697674
10,8434,17.0,0.002015650936684847,0.0003467513098320255,0.09883603741224613,1.0
