feature,ap_drop_mean,ap_drop_std,baseline_average_precision
log_total_assets,0.041155570486369725,0.005221234827850681,0.19586274275818708
asset_growth,0.023889663493590767,0.001868979411451989,0.19586274275818708
share_receipted_gifts,0.012638171840943124,0.0019315637182390605,0.19586274275818708
expenditure_growth,0.012433396048768548,0.0009914579030249095,0.19586274275818708
log_total_revenue,0.01163997060286306,0.000791308154222854,0.19586274275818708
operating_margin,0.010379851754028734,0.0010887104287432827,0.19586274275818708
n_returns_in_year,0.00945403290788191,0.0016731524354731966,0.19586274275818708
net_asset_growth,0.007975053460410464,0.0009544307903592703,0.19586274275818708
share_nil_lines,0.00695507169998576,0.0008494321068009575,0.19586274275818708
revenue_growth,0.00678039247334492,0.0006422774551293922,0.19586274275818708
donee_gift_share,0.006319448166893065,0.0014151372546282958,0.19586274275818708
months_of_cash,0.004267057020267145,0.0008449447879251528,0.19586274275818708
share_other,0.004151368213909929,0.0004316689351109806,0.19586274275818708
consecutive_deficit_years,0.0037899866912255555,0.001082112408908956,0.19586274275818708
admin_cost_ratio,0.003238149080452846,0.0002136352631363128,0.19586274275818708
net_revenue,0.003180206637137417,0.0007277735140012933,0.19586274275818708
return_on_assets,0.0031225817738199436,0.0003865162989129783,0.19586274275818708
compensation_ratio,0.0030191971077296207,0.0004748591190965302,0.19586274275818708
revenue_concentration,0.002869937887004748,0.0010218669450436666,0.19586274275818708
is_section_d,0.0028102190076862432,0.00029992901962334174,0.19586274275818708
log_age,0.002459250762868076,0.0005077923169845095,0.19586274275818708
revenue_decline_over_30pct,0.002232867033440161,0.0008683639336142121,0.19586274275818708
province,0.002221466782437326,0.0005358532391685094,0.19586274275818708
charity_type,0.0021084871031149923,0.00028961746926699895,0.19586274275818708
deferred_revenue_share,0.0019411421918459014,0.0004994173754448676,0.19586274275818708
donation_dependence,0.0017277906504565455,0.00016430552972972423,0.19586274275818708
net_assets_to_assets,0.0015551956204814866,0.0004984680042838485,0.19586274275818708
working_capital_months,0.0015106411326228752,0.0007480896328865014,0.19586274275818708
fundraising_expense_ratio,0.0014982315953464497,0.00043754642599227393,0.19586274275818708
equity_balance,0.001415255819928829,0.000669243577130359,0.19586274275818708
liquidity_ratio,0.0013835291383545167,0.00044597805666915985,0.19586274275818708
share_other_gifts,0.001362091754285011,0.00019393596777416019,0.19586274275818708
program_expense_ratio,0.0013024861850699898,0.0006263890224498366,0.19586274275818708
earned_income_share,0.0010623040376584792,0.00017312630908704812,0.19586274275818708
share_government,0.0009876178040564344,0.000477256562700146,0.19586274275818708
negative_net_assets,0.0009768394247047286,0.00010413634528570642,0.19586274275818708
quick_ratio,0.000939891524869807,0.001021883035041387,0.19586274275818708
tier_downgrade,0.0009224679963799221,0.00014267376775588603,0.19586274275818708
share_foreign_non_receipted,0.0007333733689112387,0.00039509638836444965,0.19586274275818708
share_gifts_from_other_charities,0.0007328012379916704,0.0004834159273473847,0.19586274275818708
share_fundraising,0.0006607759832670257,0.00020596387141348158,0.19586274275818708
is_accrual,0.0006297795868431766,0.00018387367885360487,0.19586274275818708
debt_ratio,0.0005783993977255153,0.00028200035029794394,0.19586274275818708
share_sales_of_goods_and_services,0.0005247172938998068,0.00013291296906385597,0.19586274275818708
designation,0.0004885193970694645,0.0001036536105178877,0.19586274275818708
fundraising_efficiency,0.00027052189948465475,0.0007139440715880216,0.19586274275818708
insolvent,0.00022749505952613936,6.54377977757637e-05,0.19586274275818708
payables_to_expenditure,0.00020001552383582254,0.00036590303466450244,0.19586274275818708
is_new_entrant,0.00010395744547065378,0.00012129413752642645,0.19586274275818708
revenue_growth_volatility,0.0,0.0,0.19586274275818708
equity_ratio,-2.562630967767321e-06,0.00046014568333884544,0.19586274275818708
liabilities_to_revenue,-0.0002071862020946613,0.00029242695236633806,0.19586274275818708
fiscal_month,-0.0003105413932519174,0.0006075350474004283,0.19586274275818708
expense_coverage,-0.0004433093186257675,0.000999185622496979,0.19586274275818708
micro_charity,-0.0004958667359936386,0.0001554382005983237,0.19586274275818708
zero_revenue,-0.0006316374790590606,0.00014779768128961296,0.19586274275818708
operating_markup,-0.0007796576157387825,0.00032366129239046263,0.19586274275818708
